user_id,email,password,role
67bb98f2-7de3-4345-aefa-e561bbe26702,jonesedward@example.org,aVhYV2AuX5he,OWNER
ab3eb573-95a6-4b88-ae79-1c8d9bc56a69,danielmclaughlin@example.net,ntBoz1ljLlGu,OWNER
8bf4dfae-2c7f-46e3-9cf4-3f28ec6189fe,danielcarrillo@example.net,KArx0iqwoWUp,ADMIN
dbe0ab49-95ff-4747-a7b4-51108a16f3a7,george58@example.org,HxzAZMiP7gnI,VET
a8f79acd-cfc6-4764-920f-3c6c29b32990,kmonroe@example.org,VCaYLD7fZodh,OWNER
4e0fa5b4-d1ee-442f-b2c4-5be621f4aef9,cwalker@example.com,spmh2aOkEkpK,ADMIN
8dcb14f3-f26b-47bf-9f38-9d9b7d27f9b0,olivia10@example.org,aEEtD6I4zrDF,VET
5234567f-3020-4e9b-8bfc-5d036abbab1c,vjacobson@example.com,doqDMEoyoLda,ADMIN
b09b3745-7ebb-47de-941c-21cf09b34d31,nicholasjones@example.net,U2qP1m6ficL1,OWNER
de19e343-a9f3-4bf5-8631-e6743fd21655,petersonsharon@example.net,v7ny1N787Kzj,OWNER
db35b874-0a93-49d4-a2d6-393a2f57ff46,bbrown@example.net,veislDlZu7ix,OWNER
37cc3b15-c4f5-4f5a-9f58-9132870c9291,rosskristen@example.org,0GUc6E4XgChz,OWNER
63df950b-9e1f-467f-88a6-d9aa1e9ed210,jlowe@example.org,h8bvDqPhRRg7,OWNER
5c94905f-8233-4bbe-a2f1-c87e494c3986,lori88@example.net,8yTKaOm1G532,OWNER
727d3639-c81c-4cd9-81ed-f2a576b49d77,qmann@example.net,6JUCG8V9uVD2,VET
7c1a253f-14e7-4069-9f00-c0787c9c40af,philip40@example.org,oVfAIoQrgCsv,OWNER
77b17029-4738-4140-9480-88e4711ec1b3,alexanderhughes@example.net,lXiHSLui2F5u,OWNER
1fa9732e-5424-4d22-8746-bc39452f375e,patrickbeck@example.org,QZNIEFSa2FIb,OWNER
dfd963b4-1efd-4552-87d1-630df33fd2ae,jacobcarter@example.org,nz00mkgs4bT6,OWNER
26eb0b0a-ed4d-4957-8b3d-90b3751afd4c,martinezvincent@example.org,alPMNKiST1jW,OWNER
e215c2f5-2dc1-42e8-b7b4-eae28c9b8c2e,heather76@example.com,Bw6uyFj7sebG,OWNER
017316af-3001-42b6-9fee-fb9280e3f983,brian66@example.org,e27puecYcX1s,OWNER
2016ff39-102e-4942-aa84-572e50904bb7,tatekatelyn@example.com,ARtgStUrEqjf,OWNER
00942386-b9c8-4513-bf26-063cff12d8dc,molly48@example.com,kZJGoOevn4YL,VET
fcfcd4aa-a5e9-43e7-8227-1125fb68f4f2,bhobbs@example.org,7qjnh0RMQNNu,VET
af109f01-c95b-44e3-be9a-31c08c516731,joannamack@example.net,7pTZoOgSgjgf,OWNER
dabfa106-2247-4c95-93e9-53497c74111c,lauren18@example.org,a3lC6CUejJVF,VET
3b040aac-cb0b-4ec1-8cec-70f28c4f4410,williampratt@example.org,ktJd0le4eUz8,OWNER
d684f784-adfb-4da4-bf50-b877d77178a1,amber74@example.net,Vq0IHdv1DHvY,OWNER
984c1775-03f0-4084-a2b9-70a4c29d0985,williamsrobert@example.org,fgZSlSKUQZnr,VET
645a19bc-3493-41d8-9f0b-72ae539fb39e,james19@example.org,jiyO6XQcsLsD,OWNER
4f134017-236a-4ac1-89fc-3aaf84e614f5,xsullivan@example.org,WxfeRtHwdbTS,ADMIN
5f8bb0b8-e308-4271-a9cd-2f89a70ddc23,jeffrey22@example.com,CNB1EzmLF9TK,OWNER
0f41b988-6007-4817-a506-04ac1c7b2bab,deniseleon@example.net,LzXbXvR69eTA,OWNER
078099cf-6fc7-4b32-bc0a-1e75d8d3b698,james47@example.net,P1MvnRinIo0v,OWNER
e2563133-4d56-4424-879c-18978425df7e,webersylvia@example.net,OiZTOvQt8P1g,ADMIN
bf3f3956-ac86-4589-acdf-b4b8a5494de2,elizabeth51@example.org,xeJjMbkW4QbL,ADMIN
a01d20f7-de5c-4ca0-a82e-c2c07ea89e62,roberta81@example.com,1BEnhFQXer5a,ADMIN
1f7760df-87ac-4d15-983e-7867fc9ac2ab,heathnicole@example.org,sgumGyuNAibB,OWNER
1db39c52-3c56-428f-bd09-2db09add0114,alvarezmelanie@example.org,taJa6v6kdJBo,OWNER
2e7dd074-838f-4eaa-a295-55691ddde935,morrisandrew@example.com,MqtNGV2ZjnTg,VET
2eddff41-8989-4969-9d66-2aeb4d6d9ae6,trandeanna@example.com,bk2gGHT5rnxk,VET
14b762e2-24ca-41f6-b733-82ad56c1e198,lyonsjudith@example.net,lpTBhItSmNEe,OWNER
6f25674c-5991-4f3d-a5b6-a8303d688346,andrew27@example.net,2LEChYVk1Tj9,OWNER
4260fcff-61a0-45cc-ade0-a57b6fc0498e,fordamanda@example.com,8DTz5qgrCrD9,OWNER
5a4b4bcc-ff1a-4308-8cf0-091778ba5b8c,whitneymunoz@example.org,HYjq33hG9QgY,VET
485e307f-26ba-4146-ad5c-53fb609da349,moralesdenise@example.net,JzVrFKpG72xQ,OWNER
7a6b4a16-5db6-48cc-a422-a0fba00a6856,michelle14@example.net,LlWtXkB3SHqu,ADMIN
20b007fd-57cf-49cb-b0e5-390faa02bb88,christinacarroll@example.net,mnahhxh6GIIH,OWNER
b12acb95-7d66-4f01-b5a8-8e6590610d0c,swoods@example.com,I8K9NChkYHib,VET
c368c6c6-dc06-4de0-bf4b-16b5880dbf2e,cassandramartin@example.com,7IF2qKuez7DG,VET
d6f6e369-0881-4f65-a668-0ce4385a0952,carlaholmes@example.org,K6eiyJNjAyRA,OWNER
6951ed96-145e-4018-b0e9-933411229fea,palmervictor@example.net,33Gnc9N2wTse,OWNER
67ce99e1-5d97-47cf-9f6f-06c71ea4ce40,daviselizabeth@example.net,yTmwjXK40G5x,ADMIN
00d8e899-af1c-4f08-a08c-0482e2a5a7b5,jorgeschmidt@example.net,rgOMiljTZPpj,OWNER
47f2e436-8a9c-40fa-a583-c9c9fa414397,billyadams@example.org,nnWf6yV1DjAF,VET
8f427e60-c150-491b-9a96-f84e4e03759b,trogers@example.com,Ydvs4jX4OhIt,VET
4047b50a-7ec0-4588-b6aa-c8dcbf299c1e,millsgabriel@example.org,jBuJ7Firvqrh,OWNER
0a032e74-505f-4ee7-a565-358b71ff774e,micheal36@example.com,VrMMuYpCvqaD,VET
6e70b620-bdef-476e-8790-2335946a94de,davidrivers@example.net,EpJkKqgbrMrN,ADMIN
ab37e00f-88d4-4880-b59b-61dbd8e911bf,dmccormick@example.net,1fkpG1bfb9eX,VET
4ef5cd54-89f3-431b-a168-2659f6ccac1a,shannonbrown@example.com,otJ0ZpKZ9Xi3,OWNER
41065034-3674-4514-8505-2b67d0fd92e8,sgoodwin@example.com,0P5Uar2aiNMs,OWNER
dcf20d73-d5da-43f5-87a8-724e9180de70,amandabennett@example.com,sTZfjUhCksDn,OWNER
6b23ab08-e262-469d-ab24-59fb2ba23b69,davidanderson@example.net,00CwwChRliBG,ADMIN
b361429f-1e32-42e4-b0a9-a37bed76cbd4,omills@example.net,XlNJ9uQsm4Z5,OWNER
4b1c4b7a-3ccf-4d7f-bb1b-4e0a7861e220,phowell@example.org,kW8pZjzKk0NP,OWNER
fcab3dfb-715b-4053-840d-bce1e5a7b350,malonerussell@example.com,Ma6wzZJOeb6M,OWNER
b24cef1c-2cf1-4a70-a5c1-ee1e92eb96ab,tracey49@example.org,5MtjsL81PAQB,OWNER
27f0d3d5-b61d-4807-8669-7c90f2b667a3,jamesromero@example.org,GGlQoUicy62R,OWNER
7d7e5f55-28fa-49da-b32d-89347471073e,bradyjack@example.net,MYHNIEn7kYKd,OWNER
354f726d-d474-46d7-8f79-51f023b3ce88,cnelson@example.com,UEfycEBHCn1g,OWNER
bf89c488-c608-47a5-831d-435b9be9da42,ramirezcassie@example.net,mwdWaNj2IgLj,ADMIN
ea62a060-9d39-422c-a0b8-a3ac2e21d1b2,wfischer@example.net,YvNkbeN26vXH,ADMIN
4409a96e-c85b-4a3a-bc28-2ac9be51a30b,ckaufman@example.net,GVrBTL0duRKn,OWNER
42350b47-290f-4438-a861-394604ca6748,richardking@example.org,v3VOKBRIZgOO,OWNER
f337b253-db01-486f-a3fa-922b8eefbb25,randallmaria@example.com,kAKaAcv5TCJe,VET
6d8323a4-a016-477c-9683-ea49fbb99b5f,chapmandonald@example.com,Hrd15Gj5yVhw,OWNER
1be324d4-7d7e-4bc4-9374-d14265ac8e70,christie45@example.net,Hak1nqEYTUar,VET
8bbd82e2-dd16-445a-b2d8-557d49406a53,moraryan@example.com,gTJR4teU9wwe,OWNER
4d33199b-1d7f-4c03-afe1-d85ba871519f,martinezgina@example.org,JmzTTJdBq1pG,OWNER
ce6f87ee-8fb1-456f-b5b6-541f61bc338b,jennifer97@example.org,9KB11t39auvJ,ADMIN
c6205f48-b48e-4505-b4c3-a9238134a896,pgray@example.net,cj65qiEx7922,ADMIN
fcff6236-2e81-42c4-beba-7719fe99d7ac,masseycarol@example.org,dBYuRki4aC6y,ADMIN
31222c1d-83f1-4d37-9d47-75aee891bf23,erika16@example.com,TBe1OHIo3CH4,VET
0e89e9ec-132c-4344-b28f-c97cc29e2c87,bmorris@example.com,oke7MQJINWlX,OWNER
ecb51236-ede2-459c-b6ca-ccd7dd6cacf1,uflynn@example.net,rrpjgi5JSTBV,OWNER
956888f2-3f01-405a-999c-75d69a9e3c5b,kentlinda@example.net,6XCF4m9CTK0O,VET
f8f5f5ae-508c-4b4a-9d85-863be589ddcb,matthewsbrent@example.com,oP8qEiByqKt4,OWNER
5a1a5183-d918-488b-902d-57e854257046,josephriggs@example.com,SzeLaDjb5L4n,OWNER
910eac11-fc37-479e-a976-17af603a83c9,kennethsimmons@example.net,cgzirIBQhVPw,OWNER
2ab4ea61-39c1-4c6d-8eb2-d7baa0a1c055,williamsonsara@example.com,p4tH4Jxjuew6,OWNER
4f7045c8-9a60-41ad-8ccd-63b70b27200f,susan31@example.net,TcshlUwNRxPt,OWNER
63fc85bb-6737-467f-81b9-83fccfda366d,zcook@example.org,LPimFjOZq5o8,ADMIN
7362c39f-67bd-4b65-9aaf-7f786b78ff75,jmartin@example.com,jyIfb2RT4XBl,VET
1e13d0d8-5bc6-4661-9e7c-626ec10c9a30,garrettantonio@example.com,fhzdCV1dNC6T,VET
96bed36b-d6e3-4ee7-89d0-f0f168d710f5,rogersnicholas@example.net,PuOKhEoU73Nb,OWNER
14bb8784-67a6-40fc-9d46-90f5a30df551,youngheidi@example.org,hbVZkYqd6qB2,VET
10fecd6c-073e-48d1-9fd7-da41f7762b6e,ymiller@example.org,DL3eAK1Jrk9Z,VET
46910c44-6468-4b81-bdb1-bc346a435877,mpatterson@example.net,pkSpZVscvD0h,VET
85f95b6b-27e3-4b13-bc8e-58e96776b918,jessica58@example.com,22tEQ7czVbvz,OWNER
1b439076-a3ea-478a-842c-771751ad5643,vmendez@example.com,DEzdBQKq0QGN,ADMIN
29ef3952-0c1f-44a4-8aa8-64dfb9b615e6,max71@example.com,ugnEcrcdackB,OWNER
a12cf92d-f2f1-4ee4-9dc5-2634302abc98,elizabethmeadows@example.com,JVxRDwOfazhB,VET
6d087124-5c67-4042-85c2-79bdcc52ed55,trantiffany@example.org,hejslUCELeop,OWNER
c9ac569c-cadf-4684-895a-9fec847ef2cb,tinawilliams@example.org,zKiubyubXj9k,OWNER
bee5c168-a71a-48aa-8b14-b81798f945cf,smithjessica@example.com,lWEX4Zt4mRXW,VET
b3795af4-ca5e-41be-8de7-828504b4ef3a,zburns@example.net,dq7JIb8yqMqz,OWNER
40b83a7f-08ee-439d-9028-0963c90fe91a,theresa13@example.org,FeMSGF7E3gOG,OWNER
12b65d77-b66f-413f-9174-6fec50d83bd5,janice13@example.org,7AGgaVa7P3SH,OWNER
3445941a-7717-409e-8d01-01671e3cc1f2,droberts@example.com,bSHHLAH1OZuO,OWNER
f8d10997-4a02-468c-a423-9246d1bfd71d,andrew85@example.com,y8Oy04uISTcM,OWNER
118d7af6-3c1b-4316-bfad-a9a5d0782214,paul98@example.net,wmnMzYliuB90,ADMIN
df77c638-c9c9-445e-aaf0-157d2bfd42b5,alan05@example.org,76yRftHaSmYD,ADMIN
0099e7e5-1714-418b-96ff-f3135d2899d3,bsmith@example.org,1yMEvloxu1gm,VET
3d7d39b2-a1dd-4a80-bead-04f4e8f2c9a0,lynnyoung@example.com,aHT3BSFTg1Do,ADMIN
f4fdfa2d-ff04-4c3d-836d-5fedf4c9dd85,courtneyjones@example.org,jifL1fElIdZd,ADMIN
c247d2ba-0c72-499d-ab1f-ec24bfb1baf7,travis85@example.com,KrqqnaKuqO0e,VET
ec74fa5f-62a1-4d11-b2c5-1fa7d4c65201,harrismichele@example.org,rdnw342SDJtj,VET
002df5c1-41f2-4496-b197-7caa7b772262,tina84@example.org,K4rrCNGkguG8,ADMIN
19dfc8f9-eee9-4fe1-a1e9-9444cda150ee,scottcarrillo@example.net,jGF24m5FQJ4r,VET
b2f621e3-c004-41e1-8bf3-0f539a8d34db,jeremynguyen@example.com,1M1syfVmmYus,VET
dd464316-ed15-43a6-84ee-b91a8c1f1207,zacharyrivera@example.net,WmkhuKr5eGdI,OWNER
c91e49a8-ea8f-4f38-a020-2dba2af6a2bb,alanbailey@example.org,L4jgbbdEMRrA,VET
b3c78d75-93c6-4208-bcf7-64e4c7164645,greerdonna@example.com,SBhgak9AyvDm,ADMIN
99dae643-2a0d-4c80-993b-342f90e80680,ynielsen@example.net,W0oNsgC6uHyc,ADMIN
1cfc6582-c82e-4430-a2ef-f2692861a6d8,contrerasamanda@example.org,v33xE1Z5186C,OWNER
82b6785d-d703-452a-bbca-3585872927cf,davischeryl@example.net,aVpROyFZxQAm,OWNER
0377bc56-2fb6-415a-9b14-91f342819eec,zgomez@example.org,jOLSsEY0DZwA,OWNER
a9cf233f-e675-4741-96c5-dd0cd65f3a07,johnvaughan@example.org,cAER6oxfCmws,OWNER
89952e71-0492-4fbc-8503-c1d770cdceb0,seanhernandez@example.com,chH8Qe15hyfS,OWNER
e1aff3a4-4f9a-4101-9b6b-756fe41aa326,sarah83@example.com,02ZaxS9fty4d,OWNER
bda20b8d-d03d-4f63-a5ad-92ed5b4d2941,pamela89@example.com,kHpI93ZfIou7,OWNER
22d6f320-c8b2-43ef-9874-60bedd11a763,byrdrobert@example.org,NNDrsgsADWTg,VET
3768198e-c29f-42a0-8877-2f68dca5d7be,wallsmatthew@example.net,BnDoPPU42gOZ,OWNER
44709d4c-c997-4bb4-bf84-2558ad594772,taylormariah@example.com,kcWnxcsJ0wat,ADMIN
fb1f9341-d223-4b90-b4a6-10f8bbe8027c,ibraun@example.org,F28B1cnk1J2O,OWNER
3c6c9c7d-7c68-442e-b224-560208ae0d1f,smithjennifer@example.net,VP5EOi2ddOkl,VET
b8b44404-8616-41fb-a873-1eb2f2d73607,shannon02@example.com,qEh6dfM5KtSX,OWNER
fa2779f9-94f1-4b46-a9ee-4318655cdbed,knelson@example.com,QyWDIRpzjPCN,OWNER
4b91e837-307d-437a-b936-c22feaecb111,randy51@example.com,h6Qp8DeXEP11,OWNER
d99e5a17-2628-4167-8e3f-52a1e94176b0,ymccormick@example.com,gDgA2vj4Td5F,OWNER
a7718aee-e9ce-4ff0-b757-612c0a5741fa,edgarkoch@example.org,5ZjPy1jvpKKN,OWNER
6d2277e9-ee63-4a2e-b363-860f77ea1bf0,griffincrystal@example.com,DVPH6MIzAxtp,OWNER
3c2909bd-99f2-4685-857a-884de2ac0b58,collieralexander@example.com,IJecMqtyw2e7,ADMIN
aa61ae9d-47d9-48ad-938c-58dab20bafe7,roberteaton@example.com,0xx9m6OAOt9C,OWNER
3cdfb23e-10df-40a8-a151-d9d6448190c7,hsmith@example.org,MDXQarO7wgQv,OWNER
dfd1f0e0-27c2-4aba-9040-05c7598100dd,jeffrey92@example.com,VZT2IDSVaejF,OWNER
bbb65f5d-90e6-43d9-b2e8-7a8f01949449,madisonross@example.com,0nmgvj2Yo7B7,VET
325bbf27-0faa-496c-b2de-bf8772ceebf6,stantonhector@example.com,YvFQo4uDJyTQ,ADMIN
dc7a3877-8837-41b8-9bcc-8444e119ff85,yleonard@example.org,6IS2aZs4smvi,OWNER
4d6d5187-6221-4f65-b17b-2f3b48c35c7d,torrescharles@example.com,VbKhETPgFS0F,OWNER
cf1cd158-2568-4782-b5a0-38e6ea7f0917,nbrewer@example.com,DS9d0rk6CXCF,OWNER
cf26eea9-cec9-4821-b2de-19e42d82b4bd,munozroger@example.com,8sxOb5S2T4Z1,VET
c47203a5-5e4c-4677-9a16-8b976019f5e6,huberchristy@example.net,eDgfToeeezSH,OWNER
68c7609c-7b41-4c65-87f7-8e59de5887c9,michaeltaylor@example.org,m7k9KG8I3jQa,ADMIN
4a85e6f5-0c40-4106-8bf3-44e366d20f33,stephaniewise@example.org,cYjYF65fY6zt,OWNER
bdd9015a-4cb1-4a86-932c-68179a3233b5,rlawson@example.org,Uq3VJ1GOZHWT,ADMIN
3b7a9dbf-9993-415e-a632-98755e997dc3,zacharyfuller@example.com,dGpsOZCCtbL0,OWNER
d4813152-108e-438b-a333-1679e4a83b99,sandovalmichaela@example.com,0YfZmTYJUPeb,OWNER
d9e5ce18-8cb8-490b-94c7-5c2f03f0eaaf,martinezwanda@example.org,GdensCMwzikA,ADMIN
ba63e1ec-6c52-4c86-9f2e-413d52c32438,houstonamanda@example.com,Fq46pZ7B4kkR,OWNER
880f2670-2525-491b-9b63-3f1121c1bb89,martinezjuan@example.com,vOgDW8mIAxHZ,OWNER
f0f34e72-35e5-47ff-bffc-33cc264fa102,emartin@example.com,FALPn12A5jOK,OWNER
0640a2f9-232c-459a-b420-123a163d6b3c,kking@example.net,1p6e0lgxZBUi,VET
82a81d7c-6070-4bb1-bdce-2d3b4c345ee0,awilliams@example.com,0L9rrgyDcyvy,OWNER
f9389018-34de-44d7-8b0b-54ba97793949,frederickyoung@example.net,65H2EEyCbvjR,OWNER
dd76b311-4d97-4c2e-a139-79d42bf67e7c,susan88@example.org,RwMlyKyUSxV9,OWNER
6ebb8a3b-6374-42c4-a30d-9e112757f139,haleymiller@example.org,1geARhBc5YyY,ADMIN
bee4086c-8638-4b1b-8872-a7b6b04dc6d2,kristinwheeler@example.org,3xbgF1ES1lCa,VET
ef7847e9-9918-45ff-ad25-a0fa6cfcb579,april05@example.org,Xt1txZSgjEsO,VET
a3170416-2d74-4533-bb76-8c4ce7fd7704,kbrooks@example.org,fgoPYAThecJX,ADMIN
4c51a75c-a7e3-4e6d-bfd8-6c842f914c7a,ohall@example.com,l0snMdQG5Ztf,VET
0816dbb5-1edf-4e90-a759-ed3d64d5b8dc,craig00@example.net,mCRzw1AuGEFt,OWNER
b26192bd-6893-4651-8e9a-cbdd3c5a901a,thorntonhannah@example.com,cWb4c6lEu8vu,VET
673e3eec-2937-49e8-9d9e-27ae8030e1fb,xrodriguez@example.net,h6htLZCDGITx,OWNER
ea46c50e-6ef7-40b1-84fe-ee6fd824b173,leegrace@example.com,OlICTQ1zKSA7,OWNER
ce9ed0e7-d48e-48a1-94f6-0de2ef66a03b,spencerkimberly@example.net,BPDLT1eBGGxd,OWNER
a016e5dc-fb34-427c-b4cf-4318321e6aa7,kayla09@example.net,EUNjS3p2VRWN,OWNER
7546e411-7946-400b-a661-fe2ff6212dbf,martinemily@example.com,sWyJ0EXBVKYU,VET
73fac983-b791-4b6f-aad8-e055a85fb0ba,matthewmartin@example.net,JIFwzchg2x6u,OWNER
c36ee3ce-41e3-4867-85b8-db472b9027f0,wilsondaniel@example.net,NCdh2Vh0V4A7,OWNER
8934bec5-be0e-4306-bc95-88ec65b417ce,gillscott@example.com,cNzMWxCWbLVZ,OWNER
d289ac39-e9f6-4d4c-9192-bf14d68c38b0,ulyons@example.net,RiOajVZKNype,VET
e24b7e6b-1f35-4e4d-9b80-9dbeb08ec31f,opotter@example.com,1p1Pb3txdOMs,OWNER
a393932d-3742-4ac8-a307-f0737dfb4b8a,wwhite@example.org,3prtgrweYKq8,ADMIN
52054d5d-1a28-4551-bc98-1f3553aaa391,melissaosborne@example.com,8BlzhmEsJdO6,OWNER
8b82ea1a-b7d0-487d-966b-5a45e8b90b06,drichardson@example.net,1WhUpiJmnIIl,VET
0e0daaa3-b610-4121-b863-4e85fbc840e9,brenda17@example.net,P0kRPXVqZIX7,VET
cd21240b-d1fa-4195-908b-38210c368b4f,daltonmelissa@example.org,rHoL5oH22Wir,ADMIN
26a1f2f2-7846-49f4-bc2f-5fe7c6342be1,yperez@example.net,ZHqXWg3zNEfV,VET
9090bee0-9155-45a8-a93b-c9cb1952308a,walsherica@example.com,vtwFmNejWNfv,OWNER
3655495a-1afb-492b-8c97-6e8b8faf9bcc,cookandrew@example.org,zsbIWTjGirs7,VET
bafcc02e-4bd8-4fe2-922c-26cb8016b6d6,ygay@example.org,UCKhdJxtZgoT,VET
55be8916-ce79-478f-a3ac-653606556876,sheliascott@example.org,v6EbChZpNRh9,OWNER
7a102145-5612-4e58-a769-ebd3a1406261,pjohnson@example.net,UrQA8eGcu2bN,VET
3d5cde96-5587-4012-b17b-323ab964fb3e,raymond25@example.net,BU5OtJYMHPcT,OWNER
04eda496-4c5c-47c5-9dcb-193ee64acb4b,fostercatherine@example.org,UmeMJHcXIDA4,VET
42c8b8e3-6e18-42a3-adb5-fce75986cf13,edwardsderrick@example.com,D7IBonNnEBms,OWNER
4aa6194f-7a4a-4afe-98c3-71ecabb17446,bconrad@example.com,TR9DBTrmy9k3,ADMIN
